"DC_NUMBER","city","zip","sttext","ADDRESS","OPENDATE","long","lat","year_open","type_DC"
,"Bentonville","72712","AR","5801 SW Regional Airport Blvd",3/1/1962 ,-94.239816,36.350885,1962,"RegDC"
,"Searcy","72143","AR","405 Booth Rd/2103 S Main St",3/1/1978 ,-91.732235,35.222133,1978,"RegDC"
,"Palestine","75801","TX","14863 FM 645",3/1/1981 ,-95.773672,31.740062,1981,"RegDC"
,"Cullman","35055","AL","2200 7th Ave SW",12/1/1982 ,-86.847144,34.169426,1982,"RegDC"
,"Mount Pleasant","52641","IA","1100 N Iris St",1/1/1985 ,-91.525211,40.975233,1984,"RegDC"
,"Douglas","31533","GA","700 SW Bowens Mill Rd",1/1/1986 ,-82.874875,31.502113,1985,"RegDC"
,"Brookhaven","39601","MS","2200 Manufacturers Blvd",3/1/1986 ,-90.423258,31.599805,1986,"RegDC"
,"Plainview","79072","TX","3101 N Quincy",3/1/1987 ,-101.725181,34.212618,1987,"RegDC"
,"Laurens","29360","SC","1050 Vern Cora Rd",1/1/1988 ,-82.005173,34.545636,1987,"RegDC"
,"New Braunfels","78130","TX","3930 IH 35 N",3/1/1989 ,-98.058575,29.745303,1989,"RegDC"
,"Seymour","47274","IN","2106 E Tipton St",3/1/1990 ,-85.855306,38.957829,1990,"RegDC"
,"Loveland","80538","CO","7504 E Crossroads Blvd",9/1/1990 ,-104.966953,40.43581,1990,"RegDC"
,"Greencastle","46135","IN","333 S 10th St",3/1/1991 ,-86.831731,39.637245,1991,"RegDC"
,"Sutherland","23885","VA","21504 Cox Rd",3/1/1991 ,-77.534333,37.194965,1991,"RegDC"
,"Brooksville","34602","FL","4224 Kettering Rd",3/1/1992 ,-82.22007,28.492059,1992,"RegDC"
,"Porterville","93257","CA","1300 S F St",3/1/1992 ,-119.021094,36.042471,1992,"RegDC"
,"Grove City","43123","OH","3880 Southwest Blvd",3/1/1992 ,-83.106504,39.892862,1992,"RegDC"
,"Buckeye","85326","AZ","23701 W South Ave",3/1/1992 ,-112.560618,33.391427,1992,"RegDC"
,"Woodland","16881","PA","100 Wal Mart Dr",3/1/1993 ,-78.361359,41.006362,1993,"RegDC"
,"Menomonie","54751","WI","6140 3M Dr",3/1/1993 ,-91.857497,44.900947,1993,"RegDC"
,"Marcy","13403","NY","8827 Old River Rd",3/1/1994 ,-75.317815,43.170835,1994,"RegDC"
,"Red Bluff","96080","CA","10813 Hwy 99 W",3/1/1994 ,-122.181194,40.096249,1994,"RegDC"
,"Ottawa","66067","KS","3300 E Hwy K68",3/1/1995 ,-95.212584,38.620802,1995,"RegDC"
,"Raymond","03077","NH","42 Freetown Rd",3/1/1996 ,-71.164324,43.031441,1996,"RegDC"
,"Midway","37809","TN","1659 Pottertown Rd",3/1/1997 ,-83.021163,36.201513,1997,"RegDC"
,"Hope Mills","28348","NC","1010 Production Dr",3/1/1997 ,-78.901234,34.933617,1997,"RegDC"
,"Hermiston","97838","OR","1455 SE Fedville",3/1/1998 ,-119.291292,45.830142,1998,"RegDC"
,"Opelousas","70570","LA","Hwy 743",3/1/1999 ,-91.992602,30.543487,1999,"RegDC"
,"LaGrange","30240","GA","355 Callaway Church Rd",3/1/2000 ,-84.964639,33.031687,2000,"RegDC"
,"Coldwater","49036","MI","492 Jonesville Rd",3/1/2001 ,-84.98283,41.985634,2001,"RegDC"
,"Spring Valley","61362","IL","3110 Illinois Hwy 89",3/1/2001 ,-89.22143,41.352201,2001,"RegDC"
,"St. James","65559","MO","1100 Matlock Dr",3/1/2001 ,-91.632085,38.006266,2001,"RegDC"
,"Sanger","76266","TX","2120 N Stemmons Frwy",3/1/2001 ,-97.157358,33.378815,2001,"RegDC"
,"Tobyhanna","18466","PA","100 Veterans Dr",3/1/2002 ,-75.405176,41.170448,2002,"RegDC"
,"Shelby","28150","NC","451 Polkville Rd",3/1/2002 ,-81.57356,35.302806,2002,"RegDC"
,"Hopkinsville","42240","KY","696 Crenshaw Blvd",3/1/2003 ,-87.441874,36.812204,2003,"RegDC"
,"Smyrna","19977","DE","100 Walton Way",3/1/2004 ,-75.634741,39.273863,2004,"RegDC"
,"Fort Pierce","34981","FL","4001 S Jenkins Rd",3/1/2004 ,-80.375656,27.389662,2004,"RegDC"
,"Apple Valley","92307","CA","21101 Johnson Rd",3/9/2004 ,-117.202324,34.600907,2004,"RegDC"
,"Sealy","77474","TX","3162 Brast Rd",3/1/2005 ,-96.1896,29.737195,2005,"RegDC"
,"Grantsville","84029","UT","929 N State Rd 138",3/1/2005 ,-112.422194,40.599552,2005,"RegDC"
,"Lewiston","04240","ME","31 Alfred Plourde Pkwy",6/1/2005 ,-70.190607,44.061844,2005,"RegDC"
,"Mt. Crawford","22841","VA","6000 Walton Way",3/1/2006 ,-78.86873,38.353349,2006,"RegDC"
6082,"Clarksville","72830","AR","3300 Sterling Hurley Ind Rd",3/1/1993 ,-93.529272,35.437666,1993,"FoodDC"
6083,"Temple","76504","TX","9605 NW HK Dodgen Loop",3/1/1994 ,-97.364876,31.139005,1994,"FoodDC"
6097,"London","40741","KY","3701 Russell Dyche Mem Hwy",3/1/1995 ,-84.145072,37.147638,1995,"FoodDC"
6071,"Winter Haven","33881","FL","5600 State Rd 544",3/1/1996 ,-81.668188,28.077495,1996,"FoodDC"
6072,"New Albany","38652","MS","973 St Hwy 30 W",3/1/1996 ,-89.063265,34.491503,1996,"FoodDC"
6073,"Pageland","29728","SC","100 W Dave Sutton Rd",3/1/1997 ,-80.398471,34.782233,1997,"FoodDC"
6059,"Olney","62450","IL","3801 E US Hwy 50",3/1/1997 ,-88.131304,38.712131,1997,"FoodDC"
6047,"Bedford","15522","PA","5906 Bus Hwy 220",3/1/1998 ,-78.524825,40.096039,1998,"FoodDC"
6084,"Los Lunas","87031","NM","670 Los Morros Rd NW",3/1/1999 ,-106.73589,34.810319,1999,"FoodDC"
6085,"Tomah","54660","WI","525 Industrial Ave",2/1/2000 ,-90.476007,43.992408,2000,"FoodDC"
6042,"Pauls Valley","73075","OK","2601 S Indian Meridian Rd",3/1/2000 ,-97.237374,34.708774,2000,"FoodDC"
6096,"Johnstown","12095","NY","300 Enterprise Rd",4/1/2000 ,-74.404996,42.98977,2000,"FoodDC"
6095,"Opelika","36801","AL","3700 N Park Dr",4/1/2000 ,-85.318407,32.69661,2000,"FoodDC"
6090,"Corinne","84307","UT","5400W Hwy 83",4/1/2000 ,-112.144091,41.558206,2000,"FoodDC"
6055,"Monroe","30655","GA","655 Unisia Dr",5/1/2000 ,-83.67449,33.805583,2000,"FoodDC"
6056,"Terrell","75160","TX","591 Apache Trail",5/1/2000 ,-96.331354,32.731287,2000,"FoodDC"
6057,"Robert","70455","LA","45346 Parkway Blvd",2/1/2001 ,-90.311741,30.513308,2001,"FoodDC"
6062,"Shelbyville","37160","TN","285 Frank Martin Rd.",3/1/2001 ,-86.456597,35.567085,2001,"FoodDC"
6074,"Auburn","46706","IN","1729 State Road 8",5/1/2001 ,-85.110574,41.366597,2001,"FoodDC"
6065,"Harrisonville","64701","MO","5100 Brookhart Dr #100",5/1/2001 ,-94.352456,38.63099,2001,"FoodDC"
6099,"Macclenny","32063","FL","11094 Enterprise Blvd",1/1/2002 ,-82.075768,30.29183,2001,"FoodDC"
6064,"Cleburne","76033","TX","1602 Sparks Dr",4/1/2002 ,-97.403851,32.398062,2002,"FoodDC"
6091,"Henderson","27537","NC","680 Vanco Mill Road",5/1/2002 ,-78.382217,36.293523,2002,"FoodDC"
6077,"Moberly","65270","MO","1301 EAST HIGHWAY 24",5/1/2002 ,-92.454752,39.432155,2002,"FoodDC"
7012,"Washington Court House","43160","OH","1400 Chillicothe Rd",5/1/2002 ,-83.397474,39.522945,2002,"FoodDC"
7016,"Gordonsville","22942","VA","10695 James Madison Hwy",2/1/2003 ,-78.208299,37.983039,2003,"FoodDC"
7010,"New Caney","77357","TX","20131 Met Rd",2/1/2003 ,-95.257001,30.170427,2003,"FoodDC"
7013,"Casa Grande","85222","AZ","868 W Peters Rd",2/1/2003 ,-111.740426,32.822779,2003,"FoodDC"
7018,"North Platte","69101","NE","3001 E State Farm Rd",3/1/2003 ,-100.734233,41.090113,2003,"FoodDC"
7017,"Wintersville","43952","OH","281 Country Rd 45",3/1/2003 ,-80.679393,40.411236,2003,"FoodDC"
7019,"Brundridge","36010","AL","1005 Sara G Lott Blvd",10/1/2003 ,-85.875032,31.696502,2003,"FoodDC"
7021,"Grandview","98930","WA","545 Bethany Rd",2/1/2004 ,-119.925923,46.281189,2004,"FoodDC"
7015,"Ochelata","74051","OK","397319 W 3000 Rd.",3/1/2004 ,-95.969586,36.589266,2004,"FoodDC"
7023,"Arcadia","34269","FL","6785 SW Enterprise Blvd",2/1/2005 ,-82.003826,27.06086,2005,"FoodDC"
7048,"McCarran","89434","NV","2155 USA Parkway",8/1/2006 ,-119.47166,39.54083,2006,"FoodDC"
